name,surname,email
Damian,Gacic,damin.gacic@email.de
Jeno,Lustyik,lustyik.jeno@gmail.com
Another,Person,their_mail@mail.com
Anda,Notherone,andamail@mail.co
Onem,Ore,onemoremail@mail.xy